sf,chain,span,estimated,actual
1.0,brass_parts_europe_1995,P-L,1201983,1201053
1.0,brass_parts_europe_1995,P-L-O,183212,182502
1.0,brass_parts_europe_1995,P-L-O-C,183212,182502
1.0,brass_parts_europe_1995,P-L-O-C-N,183212,182502
1.0,brass_parts_europe_1995,P-L-O-C-N-R,36642,36765
1.0,brass_parts_europe_1995,L-O,914733,913927
1.0,brass_parts_europe_1995,L-O-C,914733,913927
1.0,brass_parts_europe_1995,L-O-C-N,914733,913927
1.0,brass_parts_europe_1995,L-O-C-N-R,182947,184384
1.0,brass_parts_europe_1995,O-C,228637,228637
1.0,brass_parts_europe_1995,O-C-N,228637,228637
1.0,brass_parts_europe_1995,O-C-N-R,45727,46197
1.0,brass_parts_europe_1995,C-N,150000,150000
1.0,brass_parts_europe_1995,C-N-R,30000,30197
1.0,brass_parts_europe_1995,N-R,5,5
1.0,asia_suppliers_1994,R-N,5,5
1.0,asia_suppliers_1994,R-N-S,2000,2003
1.0,asia_suppliers_1994,R-N-S-L,1200243,1201113
1.0,asia_suppliers_1994,R-N-S-L-O,182114,182183
1.0,asia_suppliers_1994,N-S,10000,10000
1.0,asia_suppliers_1994,N-S-L,6001215,6001215
1.0,asia_suppliers_1994,N-S-L-O,910572,910519
1.0,asia_suppliers_1994,S-L,6001215,6001215
1.0,asia_suppliers_1994,S-L-O,910572,910519
1.0,asia_suppliers_1994,L-O,910572,910519
1.0,min_cost_supplier,R-N,5,5
1.0,min_cost_supplier,R-N-S,2000,1987
1.0,min_cost_supplier,R-N-S-PS,160000,158960
1.0,min_cost_supplier,R-N-S-PS-P,598,642
1.0,min_cost_supplier,N-S,10000,10000
1.0,min_cost_supplier,N-S-PS,800000,800000
1.0,min_cost_supplier,N-S-PS-P,2988,2988
1.0,min_cost_supplier,S-PS,800000,800000
1.0,min_cost_supplier,S-PS-P,2988,2988
1.0,min_cost_supplier,PS-P,2988,2988
1.0,returned_items,N-C,150000,150000
1.0,returned_items,N-C-O,57069,57069
1.0,returned_items,N-C-O-L,56265,114705
1.0,returned_items,C-O,57069,57069
1.0,returned_items,C-O-L,56265,114705
1.0,returned_items,O-L,56265,114705
